Lot;Audit_ID;TNR_ID;Type_Test;Resultat;Oracle;Comportement_Observe;Preuve;Fichiers_Modifies;SHA_Avant;SHA_Apres;Rollback;Observation_secondaire
CORR-01;AUD-IMG-01;TNR-001;TNR;PASS;POST /edit/multi-image répond HTTP 200 avec status=ok et base64 image valide;Endpoint implémenté, dispatch process_multi_image et retourne image PNG valide;test_corr01.py (TNR-001 PASS, payload base64 généré);sd_server.py;bd150b1efcfa0148a313e41a44e8ac7d0efe3dafd1434d348c909d3096fc0f50;760ce69ce0d066b8200b724d640c78e57351ac0bd41b16f1527662fab75ddada;Copier sd_server.py.bak_20260914_1751;Conforme au contrat attendu par MultiImageEditWidget
CORR-01;AUD-IMG-02;TNR-002;TNR;PASS;POST /interrupt traité de manière concurrente même si génération active, répond HTTP 200;ThreadingHTTPServer actif, interruption débloquée sans gel;test_corr01.py (TNR-002 PASS, interrupt immédiat);sd_server.py;bd150b1efcfa0148a313e41a44e8ac7d0efe3dafd1434d348c909d3096fc0f50;760ce69ce0d066b8200b724d640c78e57351ac0bd41b16f1527662fab75ddada;Copier sd_server.py.bak_20260914_1751;Drainage complet des rfile et en-têtes Content-Length explicites
CORR-01;AUD-IMG-04;TNR-056;TNR;PASS;En cas de défaillance runtime, le serveur retourne HTTP 500/503 avec JSON d'erreur, jamais un fallback silencieux 200;Retour HTTP 500 explicite et suppression du faux fallback d'art procédural;test_corr01.py (TNR-056 PASS, code HTTP 500 reçu);sd_server.py;bd150b1efcfa0148a313e41a44e8ac7d0efe3dafd1434d348c909d3096fc0f50;760ce69ce0d066b8200b724d640c78e57351ac0bd41b16f1527662fab75ddada;Copier sd_server.py.bak_20260914_1751;Erreurs remontées proprement à l'UI
CORR-01;AUD-IMG-06;TNR-064;TNR;PASS;POST /v1/models/image?refresh=true force le rafraîchissement des modèles locaux sur disque;Paramètre refresh pris en compte et réanalyse des répertoires;test_corr01.py (TNR-064 PASS, refresh=True exécuté);sd_server.py;bd150b1efcfa0148a313e41a44e8ac7d0efe3dafd1434d348c909d3096fc0f50;760ce69ce0d066b8200b724d640c78e57351ac0bd41b16f1527662fab75ddada;Copier sd_server.py.bak_20260914_1751;Cache invalidé sans redémarrage de l'hôte
CORR-01;CANARY;TNR-003;Canary;PASS;Génération image standard texte-vers-image fonctionne normalement;Génération nominale intacte;test_corr01.py (Canary TNR-003 PASS);sd_server.py;bd150b1efcfa0148a313e41a44e8ac7d0efe3dafd1434d348c909d3096fc0f50;760ce69ce0d066b8200b724d640c78e57351ac0bd41b16f1527662fab75ddada;Copier sd_server.py.bak_20260914_1751;Non-régression des formats standards
CORR-02;AUD-MEM-01;TNR-016;TNR;PASS;Écritures concurrentes sur memory_server ne provoquent aucune collision ni perte de faits;Verrou RLock et sauvegarde atomique .tmp -> replace garantissent l'intégrité;test_corr02.py (TNR-016 PASS, 15 écritures parallèles 100% conservées);memory_server.py;ad813fdcc9ba11871157ba1ffc768168a019deb4877a6a078d1168878741a631;a9bda005bac0ade4cbd68a5c5d94cfadc2d86e2ffea7831c393863aa1726194f;Copier memory_server.py.bak_20260914_1755;0 lock contention crash
CORR-02;AUD-MEM-04;TNR-019;TNR;PASS;Sauvegardes de tous les stores JSON mémoire sont atomiques et isolées;Tous les stores (_atomic_json_save) écrivent en .tmp avant de remplacer;test_corr02.py (TNR-019 PASS);memory_server.py;ad813fdcc9ba11871157ba1ffc768168a019deb4877a6a078d1168878741a631;a9bda005bac0ade4cbd68a5c5d94cfadc2d86e2ffea7831c393863aa1726194f;Copier memory_server.py.bak_20260914_1755;Applicable à memory_store, projects, files, mcp
CORR-02;AUD-MEM-07;TNR-061;TNR;PASS;Fichier JSON store mémoire corrompu détecté, mis en quarantaine et restauré sans écrasement destructeur;Quarantaine .bak_corrupt_<ts> créée immédiatement, nouveau store initialisé;test_corr02.py (TNR-061 PASS, quarantaine validée);memory_server.py;ad813fdcc9ba11871157ba1ffc768168a019deb4877a6a078d1168878741a631;a9bda005bac0ade4cbd68a5c5d94cfadc2d86e2ffea7831c393863aa1726194f;Copier memory_server.py.bak_20260914_1755;Préserve les données brutes pour audit
CORR-02;AUD-MEM-08;TNR-065;TNR;PASS;Validation stricte de l'identité du memory_server (rejet des faux serveurs HTTP tiers sur le port);Vérification JSON stricte rejetant les démons tiers sans les tuer;test_corr02.py (TNR-065 PASS, rejet tiers validé);lib\services\memory_server_manager.dart;972095cdcadc15c14a77cad90c05879e4d9a31f5e1e01b26a963da9efa2a0af4;2e44dca9af990701c9cb259f26ab00911faa1bc12648e57a70a24fddc37a8c84;Copier lib\services\memory_server_manager.dart.bak_20260914_1755;Protège contre les collisions de ports locaux
CORR-02;CANARY;TNR-118;Canary;PASS;Lecture et recherche de faits mémoire nominales;Recherche et extraction de faits fonctionnelles sans régression;test_corr02.py (Canary TNR-118 PASS);memory_server.py;ad813fdcc9ba11871157ba1ffc768168a019deb4877a6a078d1168878741a631;a9bda005bac0ade4cbd68a5c5d94cfadc2d86e2ffea7831c393863aa1726194f;Copier memory_server.py.bak_20260914_1755;Recherche sémantique/token préservée
CORR-03;AUD-PREF-02;TNR-040;TNR;PASS;Fichier de préférences portable corrompu mis en quarantaine à la première écriture sans perte silencieuse;Quarantaine .bak_corrupt_<ts> créée avant réécriture, tolérance de chargement maintenue;test_corr03.py (TNR-040 PASS, quarantaine validée);lib\utils\portable_preferences.dart;8d2c08a95b88a150d5f8d6ae6864d732e0f56911e04a70fb4e238f0ae13cd79d;fff49e728590717489363661858b3b23768fe5d6f8403327ac761f632e8f1cec;Copier lib\utils\portable_preferences.dart.bak_20260914_1759;AUD-PREF-01 (_dirty) strictement non touché
CORR-03;AUD-MIG-01;TNR-041;TNR;PASS;Migration portable idempotente : complète les fichiers manquants sans écraser la cible et respecte .sealed;_copyDirectoryMissingOnly complète les données partielles sans réécriture destructive;test_corr03.py (TNR-041 PASS);lib\utils\portable_preferences.dart;8d2c08a95b88a150d5f8d6ae6864d732e0f56911e04a70fb4e238f0ae13cd79d;fff49e728590717489363661858b3b23768fe5d6f8403327ac761f632e8f1cec;Copier lib\utils\portable_preferences.dart.bak_20260914_1759;Isolation absolue des distributions sealed
CORR-04;AUD-AICONV-04;TNR-108;TNR;PASS;Parsing streamMessages consigne les lignes corrompues et marque les exports comme partiels;Compteur de corruption actif, avertissement injecté dans Markdown/JSON/TXT;test_corr04.py (TNR-108 PASS);lib\services\ai_conversations_service.dart;24eb460a5c833a1c1edf92d58a28f210c68c3331873a3e9b7a4b0cf77490f3e7;65d9bca5b7c6035bac5ca53016050a9be5ac71df41b6a4460d6dfe853b68dcb4;Copier lib\services\ai_conversations_service.dart.bak_20260914_1807;Transparence totale sur l'intégrité des exports
CORR-04;AUD-AIKB-01;TNR-125;TNR;PASS;Fiche de connaissance IA corrompue mise en quarantaine (.bak_corrupt_<ts>) sans crash ni écrasement;Fiche corrompue déplacée en quarantaine, fiches valides chargées;test_corr04.py (TNR-125 PASS);lib\services\ai_knowledge_service.dart;7e2c4f8ed77d9881e59ad67de400b2ba59651202b7e61b6cc04c676b6fe1a87b;3a6678ee69f472317ab39ceea5295201c90291b472e332e11c6ba147fc115278;Copier lib\services\ai_knowledge_service.dart.bak_20260914_1807;Sécurité des fiches RAG utilisateur
CORR-04;AUD-BATCH-02;TNR-048;TNR;PASS;Sauvegarde atomique .tmp -> rename pour les batch jobs et quarantaine des jobs corrompus;Écriture temporaire avec flush et mise en quarantaine automatique des fichiers corrompus;test_corr04.py (TNR-048 PASS);lib\services\batch_persistence_service.dart;8fa0e24abfd472eb8e04f0620a10e4ddccd628ee7447fe9057dad7a6f196dc5c;a02ed59d9e9f50b6c963346c36abc363b33da0def5cc2c08b3c4133a2162fb6a;Copier lib\services\batch_persistence_service.dart.bak_20260914_1807;Résistance aux crashs d'alimentation mid-batch
CORR-04;AUD-HIST-01;TNR-123;TNR;PASS;Sauvegarde atomique des sessions d'historique et quarantaine des entrées corrompues;Sauvegarde atomique .tmp -> rename et mise à l'abri des fichiers illisibles;test_corr04.py (TNR-123 PASS);lib\services\history_service.dart;3487a0fd2e21a9ca12bb35213b5dd92984946a402e544ce8b90a68caa9ac9b04;411e881db5aff0ac16f852de51e1003ee0331a8fbb8674043393410e7cdde0ef;Copier lib\services\history_service.dart.bak_20260914_1807;Historique audio pérenne
CORR-04;AUD-PROMPT-01;TNR-043;TNR;PASS;Quarantaine de prompts_library.json corrompu avant réinitialisation et écriture atomique;Quarantaine horodatée créée avant régénération des built-ins et écriture atomique;test_corr04.py (TNR-043 PASS);lib\services\prompt_library_service.dart;853f46a0530a802d13a306ee8b2b7ebcb83ef52453a95c77e138b64091f82c58;7b909193ea620cbd3abfd6e457afbdbfc4a7c723bf12d707b1632f4a4f76dd2d;Copier lib\services\prompt_library_service.dart.bak_20260914_1807;Protège les invites personnalisées utilisateur
CORR-04;CANARY;TNR-121;Canary;PASS;Export conversation markdown produit un document intègre;Export markdown conforme au schéma;test_corr04.py (Canary TNR-121 PASS);lib\services\ai_conversations_service.dart;24eb460a5c833a1c1edf92d58a28f210c68c3331873a3e9b7a4b0cf77490f3e7;65d9bca5b7c6035bac5ca53016050a9be5ac71df41b6a4460d6dfe853b68dcb4;Copier lib\services\ai_conversations_service.dart.bak_20260914_1807;Formatage markdown complet
