Point;Scenario;Oracle;Resultat;Preuve;Commentaire
LITE-001;Vérification immuabilité preferences.json utilisateur candidat avant et après suite de tests;SHA-256 strictement identique à 83F0198CC5E56F4BC96A6B5F6A65170B1283D332E4D668C0E4A5ED90D66D564D (taille 3625 octets);PASS;test/startup_recovery_test.dart (LITE-001 PASS) + SHA recalculé identique;Fichier utilisateur 100% préservé, 0 modification
LITE-002R;Régénération Lite avec strictly whitelisted diff: diff JSON(current, lite) = [default_model];Seul default_model diffère (base vs large-v3-turbo). Toutes les 36 autres clés (diarization, RAG, tokens) restent identiques;PASS;test/startup_recovery_test.dart (LITE-002R PASS) + audit exhaustif clés JSON;Conforme REQ-FINAL : réglages utilisateur préservés sans altération arbitraire
LITE-014;Vérification disponibilité et chargeabilité du modèle Whisper base sans PATH externe;base est au catalogue, ggml-base.bin (147951465 octets) présent dans Candidate, résolu par ModelService, chargeable par moteur atteignant ready;PASS;test/startup_recovery_test.dart (LITE-014 PASS) + ggml-base.bin physiquement présent dans Candidate data/models/whisper_cpp;Modèle léger réel vérifié, sans dépendance externe
LITE-015;Placement réel des templates Lite à côté de preferences.json dans la distribution Candidate;preferences.lite.json et preferences.lite.recovery.json présents dans Candidate data/ et identiques bit-à-bit à la source (SHA: A4159701321DC5798B6E7879AC3C7DED036F63476373AD1C8957B7D1D0FBC036);PASS;test/startup_recovery_test.dart (LITE-015 PASS) + vérification des 4 hachages SHA-256 identiques;Fichiers prêts pour déploiement utilisateur sur PC moins puissant
LITE-004;Démarrage nominal avec profil Lite sans échec;"Marker armé au début d Engine starting puis désarmé à Engine ready; aucun recovery déclenché";PASS;test/startup_recovery_test.dart (LITE-004 PASS);Cycle nominal validé, zéro faux positif
LITE-007;Redémarrage après crash Engine starting avec marker stale présent;Sauvegarde bit-for-bit du preferences.json fautif (preferences.failed_<ts>.json), restauration atomique Lite, marker supprimé;PASS;test/startup_recovery_test.dart (LITE-007 PASS);Restauration Lite 100% réussie, backup vérifié
LITE-009;Présence d un marker stale mais baseline Lite absente ou corrompue;"Refus strict d écraser preferences.json; conservation du fichier existant; signalement explicite d échec de recovery";PASS;test/startup_recovery_test.dart (LITE-009 PASS);Zéro écrasement destructif, robustesse confirmée
LITE-010;Détection d un second crash survenu alors que le mode Lite était déjà actif (is_lite=true);Interruption immédiate de la boucle de récupération, pas de multiplication de backups, marker supprimé;PASS;test/startup_recovery_test.dart (LITE-010 PASS);Boucle infinie de crash/restore neutralisée
TNR-094;LiteRT / Persistance paramètres A/B/A & copie portable;Paramètres A/B/A préservés après redémarrage et dans snapshot copié/renommé, 0 persistance externe. Aucun fichier source LiteRT/settings-model modifié.;NON_IMPACT_REUSED;Preuve maître scratch/test_suite_llm_tnrs.py PASS rejouée avec succès + 0 fichier LiteRT modifié;Scénario maître exact recevable
