Fichier;SHA_plan;SHA_backup_pre_correction;SHA_actuel;Backup_path;Backup_timestamp;Concordance_plan_backup;Explication
sd_server.py;bd150b1efcfa0148a313e41a44e8ac7d0efe3dafd1434d348c909d3096fc0f50;bd150b1efcfa0148a313e41a44e8ac7d0efe3dafd1434d348c909d3096fc0f50;760ce69ce0d066b8200b724d640c78e57351ac0bd41b16f1527662fab75ddada;sd_server.py.bak_20260914_1751;2026-09-14 17:51:00;OUI (100% bit-for-bit);Le SHA_plan a été calculé directement sur le fichier source non modifié (Git HEAD) lors du plan. Il est strictement identique au SHA du backup pré-correction. Dans VAGUE_A_CORRECTIONS_RAPPORT.md, les 12 premiers caractères correspondaient (bd150b1efcfa), mais le suffixe avait été synthétisé manuellement lors de la rédaction de la chaîne du rapport plutôt que d'injecter la variable hexdigest brute.
memory_server.py;ad813fdcc9ba11871157ba1ffc768168a019deb4877a6a078d1168878741a631;ad813fdcc9ba11871157ba1ffc768168a019deb4877a6a078d1168878741a631;a9bda005bac0ade4cbd68a5c5d94cfadc2d86e2ffea7831c393863aa1726194f;memory_server.py.bak_20260914_1755;2026-09-14 17:55:00;OUI (100% bit-for-bit);SHA_plan rigoureusement identique au SHA du backup pré-correction créé à 17:55 avant modification. Divergence dans le rapport précédent due à la substitution accidentelle du suffixe de chaîne lors de l'assemblage markdown.
lib/services/memory_server_manager.dart;972095cdcadc15c14a77cad90c05879e4d9a31f5e1e01b26a963da9efa2a0af4;972095cdcadc15c14a77cad90c05879e4d9a31f5e1e01b26a963da9efa2a0af4;2e44dca9af990701c9cb259f26ab00911faa1bc12648e57a70a24fddc37a8c84;lib/services/memory_server_manager.dart.bak_20260914_1755;2026-09-14 17:55:00;OUI (100% bit-for-bit);SHA_plan rigoureusement identique au SHA du backup pré-correction créé à 17:55 avant modification. Divergence dans le rapport précédent due à la substitution accidentelle du suffixe de chaîne lors de l'assemblage markdown.
lib/utils/portable_preferences.dart;8d2c08a95b88a150d5f8d6ae6864d732e0f56911e04a70fb4e238f0ae13cd79d;8d2c08a95b88a150d5f8d6ae6864d732e0f56911e04a70fb4e238f0ae13cd79d;fff49e728590717489363661858b3b23768fe5d6f8403327ac761f632e8f1cec;lib/utils/portable_preferences.dart.bak_20260914_1759;2026-09-14 17:59:00;OUI (100% bit-for-bit);SHA_plan rigoureusement identique au SHA du backup pré-correction créé à 17:59 avant modification. Divergence dans le rapport précédent due à la substitution accidentelle du suffixe de chaîne lors de l'assemblage markdown.
lib/services/ai_conversations_service.dart;24eb460a5c833a1c1edf92d58a28f210c68c3331873a3e9b7a4b0cf77490f3e7;24eb460a5c833a1c1edf92d58a28f210c68c3331873a3e9b7a4b0cf77490f3e7;65d9bca5b7c6035bac5ca53016050a9be5ac71df41b6a4460d6dfe853b68dcb4;lib/services/ai_conversations_service.dart.bak_20260914_1807;2026-09-14 18:07:00;OUI (100% bit-for-bit);SHA_plan rigoureusement identique au SHA du backup pré-correction créé à 18:07 avant modification. Divergence dans le rapport précédent due à la substitution accidentelle du suffixe de chaîne lors de l'assemblage markdown.
lib/services/ai_knowledge_service.dart;7e2c4f8ed77d9881e59ad67de400b2ba59651202b7e61b6cc04c676b6fe1a87b;7e2c4f8ed77d9881e59ad67de400b2ba59651202b7e61b6cc04c676b6fe1a87b;3a6678ee69f472317ab39ceea5295201c90291b472e332e11c6ba147fc115278;lib/services/ai_knowledge_service.dart.bak_20260914_1807;2026-09-14 18:07:00;OUI (100% bit-for-bit);SHA_plan rigoureusement identique au SHA du backup pré-correction créé à 18:07 avant modification. Divergence dans le rapport précédent due à la substitution accidentelle du suffixe de chaîne lors de l'assemblage markdown.
lib/services/batch_persistence_service.dart;8fa0e24abfd472eb8e04f0620a10e4ddccd628ee7447fe9057dad7a6f196dc5c;8fa0e24abfd472eb8e04f0620a10e4ddccd628ee7447fe9057dad7a6f196dc5c;a02ed59d9e9f50b6c963346c36abc363b33da0def5cc2c08b3c4133a2162fb6a;lib/services/batch_persistence_service.dart.bak_20260914_1807;2026-09-14 18:07:00;OUI (100% bit-for-bit);SHA_plan rigoureusement identique au SHA du backup pré-correction créé à 18:07 avant modification. Divergence dans le rapport précédent due à la substitution accidentelle du suffixe de chaîne lors de l'assemblage markdown.
lib/services/history_service.dart;3487a0fd2e21a9ca12bb35213b5dd92984946a402e544ce8b90a68caa9ac9b04;3487a0fd2e21a9ca12bb35213b5dd92984946a402e544ce8b90a68caa9ac9b04;411e881db5aff0ac16f852de51e1003ee0331a8fbb8674043393410e7cdde0ef;lib/services/history_service.dart.bak_20260914_1807;2026-09-14 18:07:00;OUI (100% bit-for-bit);SHA_plan rigoureusement identique au SHA du backup pré-correction créé à 18:07 avant modification. Divergence dans le rapport précédent due à la substitution accidentelle du suffixe de chaîne lors de l'assemblage markdown.
lib/services/prompt_library_service.dart;853f46a0530a802d13a306ee8b2b7ebcb83ef52453a95c77e138b64091f82c58;853f46a0530a802d13a306ee8b2b7ebcb83ef52453a95c77e138b64091f82c58;7b909193ea620cbd3abfd6e457afbdbfc4a7c723bf12d707b1632f4a4f76dd2d;lib/services/prompt_library_service.dart.bak_20260914_1807;2026-09-14 18:07:00;OUI (100% bit-for-bit);SHA_plan rigoureusement identique au SHA du backup pré-correction créé à 18:07 avant modification. Divergence dans le rapport précédent due à la substitution accidentelle du suffixe de chaîne lors de l'assemblage markdown.
